tweet_id,text,intent,reply,confidence,retrieval_score,escalate,escalation_reason,reply_quality_human_0_2,escalation_human,judge_reply_quality_0_2,judge_escalation,human_notes,judge_notes
5814,@AppleSupport ok cool,device_issue_other,"Sorry you're experiencing this issue. Please restart the device, check for software updates, and share the device model and the exact steps that reproduce the problem so we can narrow it down.",0.669411,0.745092,False,Auto-handle: intent confidence and historical similarity passed the current thresholds.,1,True,,,"The message gives very little context, so the troubleshooting reply is reasonable but necessarily generic.",
57515,Apps constantly freezing on my 8 Plus today.... anyone else????? @AppleSupport @115858,update_performance_or_crash,"Sorry you're having trouble with the app or media feature. Please restart the affected app/device and check for available app and software updates. If it continues, tell us the app and the exact behavior you're seeing.",0.78,0.225065,False,Auto-handle: intent confidence and historical similarity passed the current thresholds.,0,False,,,"The reply addresses a different issue than the customer's message, so the suggested troubleshooting would not be very useful.",
36087,"@AppleSupport No, I haven’t... but I checked it on my MacBook (Mail app), still permanently deleted.",app_or_media_behavior,"Sorry you're having trouble with the app or media feature. Please restart the affected app/device and check for available app and software updates. If it continues, tell us the app and the exact behavior you're seeing.",0.78,0.26313,False,Auto-handle: intent confidence and historical similarity passed the current thresholds.,1,True,,,"The response is directionally relevant, but it stays fairly generic and does not address the specific symptom in enough detail.",
33371,@AppleSupport The latest one.,device_issue_other,"Sorry you're experiencing this issue. Please restart the device, check for software updates, and share the device model and the exact steps that reproduce the problem so we can narrow it down.",0.662946,0.691218,False,Auto-handle: intent confidence and historical similarity passed the current thresholds.,1,True,,,"The message gives very little context, so the troubleshooting reply is reasonable but necessarily generic.",
5848,@AppleSupport 11.0.3,device_issue_other,"Sorry you're experiencing this issue. Please restart the device, check for software updates, and share the device model and the exact steps that reproduce the problem so we can narrow it down.",0.7,1.0,False,Auto-handle: intent confidence and historical similarity passed the current thresholds.,1,True,,,"The message gives very little context, so the troubleshooting reply is reasonable but necessarily generic.",
14315,@115858 there is a bug when we type the capital letter i ... fix it it’s annoying.,app_or_media_behavior,"Sorry about the performance/crash issue. Please make sure your device is updated, restart it, and check whether the problem continues after the restart.",0.704617,0.415391,False,Auto-handle: intent confidence and historical similarity passed the current thresholds.,0,False,,,"The reply addresses a different issue than the customer's message, so the suggested troubleshooting would not be very useful.",
53543,@AppleSupport Seems to be working for Now after repairing,device_issue_other,"Sorry you're experiencing this issue. Please restart the device, check for software updates, and share the device model and the exact steps that reproduce the problem so we can narrow it down.",0.663651,0.697094,False,Auto-handle: intent confidence and historical similarity passed the current thresholds.,1,False,,,"The response is broadly reasonable, but the customer message does not provide enough detail to justify a more specific answer.",
11107,.@AppleSupport .@115858 haven’t been able to type I️ since the new update https://t.co/BtR51UmAzb,app_or_media_behavior,"Sorry about the performance/crash issue. Please make sure your device is updated, restart it, and check whether the problem continues after the restart.",0.78,0.232684,False,Auto-handle: intent confidence and historical similarity passed the current thresholds.,0,False,,,"The reply addresses a different issue than the customer's message, so the suggested troubleshooting would not be very useful.",
31933,Why do my tweets have hashtags and square question marks? I’m updated to the latest iOS 11.1 @115858 fix me. #apple https://t.co/XzauijV1pG,app_or_media_behavior,"Sorry about the performance/crash issue. Please make sure your device is updated, restart it, and check whether the problem continues after the restart.",0.78,0.253758,False,Auto-handle: intent confidence and historical similarity passed the current thresholds.,0,False,,,"The reply addresses a different issue than the customer's message, so the suggested troubleshooting would not be very useful.",
26698,"It’s an important letter, @115858. Fix it.",app_or_media_behavior,"Sorry you're experiencing this issue. Please restart the device, check for software updates, and share the device model and the exact steps that reproduce the problem so we can narrow it down.",0.639749,0.497912,False,Auto-handle: intent confidence and historical similarity passed the current thresholds.,0,False,,,"The reply addresses a different issue than the customer's message, so the suggested troubleshooting would not be very useful.",
58798,@AppleSupport I order my phone at 3:01 27th get a confirmation from Best Buy I’m getting my phone on 11/3 now they said that’s not true!,device_issue_other,"Sorry you're having trouble with your account. Please confirm that you're using the correct account credentials and follow the official verification or password-reset flow. If you remain locked out, we can help escalate the case.",0.78,0.261679,False,Auto-handle: intent confidence and historical similarity passed the current thresholds.,0,False,,,"The reply addresses a different issue than the customer's message, so the suggested troubleshooting would not be very useful.",
35281,@AppleSupport why is my alarm sound not working when on silent and volume on lock screen not working after the update??,device_issue_other,"Sorry about the performance/crash issue. Please make sure your device is updated, restart it, and check whether the problem continues after the restart.",0.78,0.27786,False,Auto-handle: intent confidence and historical similarity passed the current thresholds.,2,False,,,The response is relevant to the reported issue and gives a practical next step without overcomplicating the case.,
57512,So my iPhone is now F'D thanks @115858 iOS update #ios11update #shocking #nobattery,battery_drain,"Sorry about the performance/crash issue. Please make sure your device is updated, restart it, and check whether the problem continues after the restart.",0.78,0.26921,False,Auto-handle: intent confidence and historical similarity passed the current thresholds.,0,False,,,"The reply addresses a different issue than the customer's message, so the suggested troubleshooting would not be very useful.",
12591,@AppleSupport It’s happening to a lot of my friends,app_or_media_behavior,"Sorry you're having trouble with the app or media feature. Please restart the affected app/device and check for available app and software updates. If it continues, tell us the app and the exact behavior you're seeing.",0.781886,0.672952,False,Auto-handle: intent confidence and historical similarity passed the current thresholds.,1,False,,,"The response is directionally relevant, but it stays fairly generic and does not address the specific symptom in enough detail.",
35230,@AppleSupport I phone 6s and iOS 11,device_issue_other,"Sorry about the performance/crash issue. Please make sure your device is updated, restart it, and check whether the problem continues after the restart.",0.749172,0.563906,False,Auto-handle: intent confidence and historical similarity passed the current thresholds.,2,False,,,The response is relevant to the reported issue and gives a practical next step without overcomplicating the case.,
23089,@AppleSupport It cuts on but only to the apple logo and then it turns off again and idk iOS 10,device_issue_other,"Sorry about the performance/crash issue. Please make sure your device is updated, restart it, and check whether the problem continues after the restart.",0.78,0.25826,False,Auto-handle: intent confidence and historical similarity passed the current thresholds.,1,True,,,"The response is broadly reasonable, but the customer message does not provide enough detail to justify a more specific answer.",
31454,"@AppleSupport Thanks! I guess I know the reason why.Wherever u put the assistive touch up,down,middle &amp; when pressed is also where the control center is.",app_or_media_behavior,"Sorry you're having trouble with your account. Please confirm that you're using the correct account credentials and follow the official verification or password-reset flow. If you remain locked out, we can help escalate the case.",0.678121,0.327071,False,Auto-handle: intent confidence and historical similarity passed the current thresholds.,0,False,,,"The reply addresses a different issue than the customer's message, so the suggested troubleshooting would not be very useful.",
43360,@115858 @AppleSupport  https://t.co/stullCoCpJ,device_issue_other,"Sorry you're experiencing this issue. Please restart the device, check for software updates, and share the device model and the exact steps that reproduce the problem so we can narrow it down.",0.64666,0.5555,False,Auto-handle: intent confidence and historical similarity passed the current thresholds.,1,True,,,"The message gives very little context, so the troubleshooting reply is reasonable but necessarily generic.",
36067,Tengo un problema con macos high Sierra y no tengo ni idea de como solucionarlo. @AppleSupport @119459 https://t.co/ZZPzd8fZAw,update_performance_or_crash,"Sorry about the performance/crash issue. Please make sure your device is updated, restart it, and check whether the problem continues after the restart.",0.78,0.229349,False,Auto-handle: intent confidence and historical similarity passed the current thresholds.,1,False,,,"The response is directionally relevant, but it stays fairly generic and does not address the specific symptom in enough detail.",
34597,@AppleSupport iMessage stopped working and won’t activate anymore—is that a problem on your side?,app_or_media_behavior,"Sorry you're having trouble with your account. Please confirm that you're using the correct account credentials and follow the official verification or password-reset flow. If you remain locked out, we can help escalate the case.",0.72465,0.482167,False,Auto-handle: intent confidence and historical similarity passed the current thresholds.,0,False,,,"The reply addresses a different issue than the customer's message, so the suggested troubleshooting would not be very useful.",
15472,@115858 I️ have I️ can I️ will THE FUCK BRO,app_or_media_behavior,"Sorry you're experiencing this issue. Please restart the device, check for software updates, and share the device model and the exact steps that reproduce the problem so we can narrow it down.",0.609891,0.249096,False,Auto-handle: intent confidence and historical similarity passed the current thresholds.,0,False,,,"The reply addresses a different issue than the customer's message, so the suggested troubleshooting would not be very useful.",
15467,@AppleSupport hi all. @115948 and settings apps keep crashing on iOS 11.1.2. See attached video. Is this a known issue? https://t.co/bjiEsXG7uG,update_performance_or_crash,"Sorry you're having trouble with the app or media feature. Please restart the affected app/device and check for available app and software updates. If it continues, tell us the app and the exact behavior you're seeing.",0.78,0.21427,False,Auto-handle: intent confidence and historical similarity passed the current thresholds.,0,False,,,"The reply addresses a different issue than the customer's message, so the suggested troubleshooting would not be very useful.",
31926,"@AppleSupport received this email which i believe happened to be a scammer, sender’s email is suspicious tho. Could u pls clarify this up? https://t.co/Lle0QVQaUP",account_or_verification,"Sorry you're having trouble with the app or media feature. Please restart the affected app/device and check for available app and software updates. If it continues, tell us the app and the exact behavior you're seeing.",0.78,0.295564,False,Auto-handle: intent confidence and historical similarity passed the current thresholds.,0,False,,,"The reply addresses a different issue than the customer's message, so the suggested troubleshooting would not be very useful.",
50880,@AppleSupport  https://t.co/NAmOVlIDMr,device_issue_other,"Sorry you're experiencing this issue. Please restart the device, check for software updates, and share the device model and the exact steps that reproduce the problem so we can narrow it down.",0.633153,0.442943,False,Auto-handle: intent confidence and historical similarity passed the current thresholds.,1,True,,,"The message gives very little context, so the troubleshooting reply is reasonable but necessarily generic.",
52282,"@2855 @AppleSupport так ты и фоточки туда переносишь, бекапы?",app_or_media_behavior,"Sorry you're experiencing this issue. Please restart the device, check for software updates, and share the device model and the exact steps that reproduce the problem so we can narrow it down.",0.7,1.0,False,Auto-handle: intent confidence and historical similarity passed the current thresholds.,1,True,,,"The message gives very little context, so the troubleshooting reply is reasonable but necessarily generic.",
40493,@AppleSupport Is it now GA? I thought it was still in beta,device_issue_other,"Sorry you're experiencing this issue. Please restart the device, check for software updates, and share the device model and the exact steps that reproduce the problem so we can narrow it down.",0.632798,0.439986,False,Auto-handle: intent confidence and historical similarity passed the current thresholds.,1,False,,,"The response is broadly reasonable, but the customer message does not provide enough detail to justify a more specific answer.",
9182,"@AppleSupport Okay, I️ updated my phone the newest version",device_issue_other,"Sorry about the performance/crash issue. Please make sure your device is updated, restart it, and check whether the problem continues after the restart.",0.78,0.569812,False,Auto-handle: intent confidence and historical similarity passed the current thresholds.,2,False,,,The response is relevant to the reported issue and gives a practical next step without overcomplicating the case.,
2659,Is anyone else having problems with there iPhone 7 saying no service? @115858 @115714,device_issue_other,"Sorry you're experiencing this issue. Please restart the device, check for software updates, and share the device model and the exact steps that reproduce the problem so we can narrow it down.",0.606588,0.221566,False,Auto-handle: intent confidence and historical similarity passed the current thresholds.,2,False,,,The response is relevant to the reported issue and gives a practical next step without overcomplicating the case.,
52983,Anybody else experiencing the @AppleSupport bug where the letter I turning into a weird set of glyphs? #Igate,app_or_media_behavior,"Sorry about the performance/crash issue. Please make sure your device is updated, restart it, and check whether the problem continues after the restart.",0.78,0.243229,False,Auto-handle: intent confidence and historical similarity passed the current thresholds.,0,False,,,"The reply addresses a different issue than the customer's message, so the suggested troubleshooting would not be very useful.",
42604,Hey @115858 and @applesupport how can I have 150gb of space left and be full at the same time?  #confused https://t.co/6lmQTll0pG,device_issue_other,"Sorry you're experiencing this issue. Please restart the device, check for software updates, and share the device model and the exact steps that reproduce the problem so we can narrow it down.",0.607045,0.225372,False,Auto-handle: intent confidence and historical similarity passed the current thresholds.,1,False,,,"The response is broadly reasonable, but the customer message does not provide enough detail to justify a more specific answer.",
11641,"@AppleSupport Like this. Open the Multitasking screen, swiping up on the WhatsApp app to close it; as seen in the video. https://t.co/yeOErcAbIz",app_or_media_behavior,"Sorry you're having trouble with the app or media feature. Please restart the affected app/device and check for available app and software updates. If it continues, tell us the app and the exact behavior you're seeing.",0.78,0.191266,False,Auto-handle: intent confidence and historical similarity passed the current thresholds.,2,False,,,The response is relevant to the reported issue and gives a practical next step without overcomplicating the case.,
58195,What the hell @115858 .. App Store won’t load after recent update.,app_or_media_behavior,"Sorry about the performance/crash issue. Please make sure your device is updated, restart it, and check whether the problem continues after the restart.",0.78,0.299611,False,Auto-handle: intent confidence and historical similarity passed the current thresholds.,0,False,,,"The reply addresses a different issue than the customer's message, so the suggested troubleshooting would not be very useful.",
35251,@123680 @115858 Omg me too! I thought I was tripping!,app_or_media_behavior,"Sorry you're experiencing this issue. Please restart the device, check for software updates, and share the device model and the exact steps that reproduce the problem so we can narrow it down.",0.612766,0.273052,False,Auto-handle: intent confidence and historical similarity passed the current thresholds.,0,False,,,"The reply addresses a different issue than the customer's message, so the suggested troubleshooting would not be very useful.",
58854,@AppleSupport it whirrs around slowly. Facebook won't load,app_or_media_behavior,"Sorry about the performance/crash issue. Please make sure your device is updated, restart it, and check whether the problem continues after the restart.",0.78,0.234664,False,Auto-handle: intent confidence and historical similarity passed the current thresholds.,0,False,,,"The reply addresses a different issue than the customer's message, so the suggested troubleshooting would not be very useful.",
5808,Y’all need to fix this now @115858,device_issue_other,"Sorry you're experiencing this issue. Please restart the device, check for software updates, and share the device model and the exact steps that reproduce the problem so we can narrow it down.",0.65059,0.588254,False,Auto-handle: intent confidence and historical similarity passed the current thresholds.,1,False,,,"The response is broadly reasonable, but the customer message does not provide enough detail to justify a more specific answer.",
57508,I️ I I️ wtf is this @115858,app_or_media_behavior,"Sorry you're experiencing this issue. Please restart the device, check for software updates, and share the device model and the exact steps that reproduce the problem so we can narrow it down.",0.627001,0.391676,False,Auto-handle: intent confidence and historical similarity passed the current thresholds.,0,False,,,"The reply addresses a different issue than the customer's message, so the suggested troubleshooting would not be very useful.",
26700,Today would be a good day for @115858 to fix the “i” bug... I️,app_or_media_behavior,"Sorry about the performance/crash issue. Please make sure your device is updated, restart it, and check whether the problem continues after the restart.",0.698513,0.395044,False,Auto-handle: intent confidence and historical similarity passed the current thresholds.,0,False,,,"The reply addresses a different issue than the customer's message, so the suggested troubleshooting would not be very useful.",
32421,@AppleSupport After it says verifying it restarts automatically,update_performance_or_crash,"Sorry about the performance/crash issue. Please make sure your device is updated, restart it, and check whether the problem continues after the restart.",0.696238,0.387461,False,Auto-handle: intent confidence and historical similarity passed the current thresholds.,1,False,,,"The response is directionally relevant, but it stays fairly generic and does not address the specific symptom in enough detail.",
61068,@AppleSupport Have to assume this is a bug in the latest iOS update. The letter “I” keeps replacing to A [?]. Is there a fix coming? https://t.co/3hPW4dfgBZ,app_or_media_behavior,"Sorry about the performance/crash issue. Please make sure your device is updated, restart it, and check whether the problem continues after the restart.",0.78,0.253789,False,Auto-handle: intent confidence and historical similarity passed the current thresholds.,0,False,,,"The reply addresses a different issue than the customer's message, so the suggested troubleshooting would not be very useful.",
42621,@AppleSupport 11.1. Happening on my iPad as well so version number.,device_issue_other,"Sorry you're having trouble with the app or media feature. Please restart the affected app/device and check for available app and software updates. If it continues, tell us the app and the exact behavior you're seeing.",0.688572,0.361907,False,Auto-handle: intent confidence and historical similarity passed the current thresholds.,0,False,,,"The reply addresses a different issue than the customer's message, so the suggested troubleshooting would not be very useful.",
48041,Hey @AppleSupport how does your operating system occupy almost 50% of my phone’s storage? https://t.co/yM3WDFCMD1,device_issue_other,"Sorry you're experiencing this issue. Please restart the device, check for software updates, and share the device model and the exact steps that reproduce the problem so we can narrow it down.",0.626164,0.384699,False,Auto-handle: intent confidence and historical similarity passed the current thresholds.,2,False,,,The response is relevant to the reported issue and gives a practical next step without overcomplicating the case.,
40553,@115858 my iPhone keeps muting itself for no reason? This is since I did the update??,device_issue_other,"Sorry about the performance/crash issue. Please make sure your device is updated, restart it, and check whether the problem continues after the restart.",0.78,0.27295,False,Auto-handle: intent confidence and historical similarity passed the current thresholds.,2,False,,,The response is relevant to the reported issue and gives a practical next step without overcomplicating the case.,
33361,"@123379 @115858 Yes, after the update I have to charge it several times a day. Irritating!",battery_drain,"Sorry you're dealing with battery drain. Please check Battery settings for apps using the most power, install any pending software updates, and let us know if the issue continues.",0.683732,0.345774,False,Auto-handle: intent confidence and historical similarity passed the current thresholds.,1,False,,,"The response is directionally relevant, but it stays fairly generic and does not address the specific symptom in enough detail.",
53490,"@115948 @AppleSupport Hey, I've discovered lots of incorrect versions of songs (single songs within whole otherwise correct albums) in Apple Music. There should probably be a way to flag instances of this for review. Kind of annoying. Thanks!",app_or_media_behavior,"Sorry you're having trouble with the app or media feature. Please restart the affected app/device and check for available app and software updates. If it continues, tell us the app and the exact behavior you're seeing.",0.78,0.230119,False,Auto-handle: intent confidence and historical similarity passed the current thresholds.,2,False,,,The response is relevant to the reported issue and gives a practical next step without overcomplicating the case.,
14871,Also this question mark bullshit is dumb. Fix it @115858 ! https://t.co/bCaVM5Pe8o,app_or_media_behavior,"Sorry you're experiencing this issue. Please restart the device, check for software updates, and share the device model and the exact steps that reproduce the problem so we can narrow it down.",0.616268,0.302232,False,Auto-handle: intent confidence and historical similarity passed the current thresholds.,0,False,,,"The reply addresses a different issue than the customer's message, so the suggested troubleshooting would not be very useful.",
39628,@AppleSupport upgraded to iOS 11.1 today from 11.03 and iMessage has stopped working and will not activate. Suggestions?,app_or_media_behavior,"Sorry about the performance/crash issue. Please make sure your device is updated, restart it, and check whether the problem continues after the restart.",0.78,0.413226,False,Auto-handle: intent confidence and historical similarity passed the current thresholds.,0,False,,,"The reply addresses a different issue than the customer's message, so the suggested troubleshooting would not be very useful.",
52962,"@AppleSupport, hey guys. Think I’m having a problem with my keyboard and can’t find a fix. Anytime I️ type “I️” like this, I️ get this auto https://t.co/0Rv2QkJQ53",app_or_media_behavior,"Sorry you're having trouble with the app or media feature. Please restart the affected app/device and check for available app and software updates. If it continues, tell us the app and the exact behavior you're seeing.",0.78,0.260203,False,Auto-handle: intent confidence and historical similarity passed the current thresholds.,1,False,,,"The response is directionally relevant, but it stays fairly generic and does not address the specific symptom in enough detail.",
55132,Please can @115858 make an “are you sure” pop-up for when you try to close the music app? Thanks,app_or_media_behavior,"Sorry you're having trouble with the app or media feature. Please restart the affected app/device and check for available app and software updates. If it continues, tell us the app and the exact behavior you're seeing.",0.78,0.238346,False,Auto-handle: intent confidence and historical similarity passed the current thresholds.,2,False,,,The response is relevant to the reported issue and gives a practical next step without overcomplicating the case.,
55939,"@AppleSupport I’m now on my second I watch, and have tried the reset&amp;restart my phone and I watch etc and still not solved any problems",device_issue_other,"Sorry about the performance/crash issue. Please make sure your device is updated, restart it, and check whether the problem continues after the restart.",0.78,0.262743,False,Auto-handle: intent confidence and historical similarity passed the current thresholds.,0,False,,,"The reply addresses a different issue than the customer's message, so the suggested troubleshooting would not be very useful.",
13198,@AppleSupport Connect to*,device_issue_other,"Sorry you're experiencing this issue. Please restart the device, check for software updates, and share the device model and the exact steps that reproduce the problem so we can narrow it down.",0.633156,0.442966,False,Auto-handle: intent confidence and historical similarity passed the current thresholds.,1,True,,,"The message gives very little context, so the troubleshooting reply is reasonable but necessarily generic.",
57479,@115858 My Cinema Display doesn't work with My macbook touchbar using the correct adaptor. I tried in my office and it works. Any ideas?,device_issue_other,"Sorry you're having trouble with your account. Please confirm that you're using the correct account credentials and follow the official verification or password-reset flow. If you remain locked out, we can help escalate the case.",0.78,0.236869,False,Auto-handle: intent confidence and historical similarity passed the current thresholds.,0,False,,,"The reply addresses a different issue than the customer's message, so the suggested troubleshooting would not be very useful.",
14330,The amount of times my phone has froze since the newest update is ridiculous. @115858 get your shit together.,update_performance_or_crash,"Sorry about the performance/crash issue. Please make sure your device is updated, restart it, and check whether the problem continues after the restart.",0.715899,0.452996,False,Auto-handle: intent confidence and historical similarity passed the current thresholds.,1,False,,,"The response is directionally relevant, but it stays fairly generic and does not address the specific symptom in enough detail.",
9180,"@AppleSupport I bought an iTunes gift card worth £15 a week ago, and the email still hasn’t come into my inbox to tell me the code. Helpppp",account_or_verification,"Sorry you're having trouble with the app or media feature. Please restart the affected app/device and check for available app and software updates. If it continues, tell us the app and the exact behavior you're seeing.",0.78,0.221565,False,Auto-handle: intent confidence and historical similarity passed the current thresholds.,0,False,,,"The reply addresses a different issue than the customer's message, so the suggested troubleshooting would not be very useful.",
33384,"- what is up with the letter “eye” button @AppleSupport?! for like a 4 days now, the letter “eye” has been turning into this i️ 😐",app_or_media_behavior,"Sorry you're experiencing this issue. Please restart the device, check for software updates, and share the device model and the exact steps that reproduce the problem so we can narrow it down.",0.636793,0.473274,False,Auto-handle: intent confidence and historical similarity passed the current thresholds.,0,False,,,"The reply addresses a different issue than the customer's message, so the suggested troubleshooting would not be very useful.",
36109,@AppleSupport Can’t an iPhone 8 connect to a Bluetooth device using NFC?,device_issue_other,"Sorry you're having trouble with the app or media feature. Please restart the affected app/device and check for available app and software updates. If it continues, tell us the app and the exact behavior you're seeing.",0.768082,0.480234,False,Auto-handle: intent confidence and historical similarity passed the current thresholds.,0,False,,,"The reply addresses a different issue than the customer's message, so the suggested troubleshooting would not be very useful.",
60288,Hey @AppleSupport why is it that every time I use the letter I it looks there’s a box like this “ I️ “?,app_or_media_behavior,"Sorry you're having trouble with the app or media feature. Please restart the affected app/device and check for available app and software updates. If it continues, tell us the app and the exact behavior you're seeing.",0.717559,0.335882,False,Auto-handle: intent confidence and historical similarity passed the current thresholds.,1,False,,,"The response is broadly reasonable, but the customer message does not provide enough detail to justify a more specific answer.",
26681,@AppleSupport tell me why the i keeps doing this stupid shit A with the boxed question mark make it stop,app_or_media_behavior,"Sorry you're having trouble with your account. Please confirm that you're using the correct account credentials and follow the official verification or password-reset flow. If you remain locked out, we can help escalate the case.",0.78,0.289639,False,Auto-handle: intent confidence and historical similarity passed the current thresholds.,0,False,,,"The reply addresses a different issue than the customer's message, so the suggested troubleshooting would not be very useful.",
59599,@AppleSupport my mac is stuck on mute.. please help me,device_issue_other,"Sorry you're experiencing this issue. Please restart the device, check for software updates, and share the device model and the exact steps that reproduce the problem so we can narrow it down.",0.623251,0.360428,False,Auto-handle: intent confidence and historical similarity passed the current thresholds.,1,False,,,"The response is broadly reasonable, but the customer message does not provide enough detail to justify a more specific answer.",
54474,This stupid update makes my phone die quicker 😑 @AppleSupport you guys are playing us! Smfh,battery_drain,"Sorry about the performance/crash issue. Please make sure your device is updated, restart it, and check whether the problem continues after the restart.",0.78,0.383557,False,Auto-handle: intent confidence and historical similarity passed the current thresholds.,0,False,,,"The reply addresses a different issue than the customer's message, so the suggested troubleshooting would not be very useful.",
23094,Dear @115948 @AppleSupport what happened to ‘Play Next’?,app_or_media_behavior,"Sorry you're having trouble with the app or media feature. Please restart the affected app/device and check for available app and software updates. If it continues, tell us the app and the exact behavior you're seeing.",0.700041,0.400137,False,Auto-handle: intent confidence and historical similarity passed the current thresholds.,2,False,,,The response is relevant to the reported issue and gives a practical next step without overcomplicating the case.,
31866,"@115858 since we have update our phone we are facing many problem ringer is not working,network issue, phone hang problem. Poor update",update_performance_or_crash,"Sorry about the performance/crash issue. Please make sure your device is updated, restart it, and check whether the problem continues after the restart.",0.78,0.268404,False,Auto-handle: intent confidence and historical similarity passed the current thresholds.,1,False,,,"The response is directionally relevant, but it stays fairly generic and does not address the specific symptom in enough detail.",
48037,@AppleSupport I can able sign in at that adress with my id,account_or_verification,"Sorry you're having trouble with your account. Please confirm that you're using the correct account credentials and follow the official verification or password-reset flow. If you remain locked out, we can help escalate the case.",0.78,0.268267,False,Auto-handle: intent confidence and historical similarity passed the current thresholds.,2,False,,,The response is relevant to the reported issue and gives a practical next step without overcomplicating the case.,
15433,Anyone else having battery issues in IPhone? Degrading way to fast. @AppleSupport,battery_drain,"Sorry you're dealing with battery drain. Please check Battery settings for apps using the most power, install any pending software updates, and let us know if the issue continues.",0.754407,0.581355,False,Auto-handle: intent confidence and historical similarity passed the current thresholds.,1,False,,,"The response is directionally relevant, but it stays fairly generic and does not address the specific symptom in enough detail.",
41568,"@AppleSupport Keep seeing the letter I as ?, apps keep crashing, and it’s slower",update_performance_or_crash,"Sorry about the performance/crash issue. Please make sure your device is updated, restart it, and check whether the problem continues after the restart.",0.78,0.252789,False,Auto-handle: intent confidence and historical similarity passed the current thresholds.,2,False,,,The response is relevant to the reported issue and gives a practical next step without overcomplicating the case.,
33372,@AppleSupport Please fix your Siri on iOS 11 cuts out mid sentence it’s very annoying and it eats the battery like there’s no tomorrow!!!!,battery_drain,"Sorry you're dealing with battery drain. Please check Battery settings for apps using the most power, install any pending software updates, and let us know if the issue continues.",0.78,0.330359,False,Auto-handle: intent confidence and historical similarity passed the current thresholds.,1,False,,,"The response is directionally relevant, but it stays fairly generic and does not address the specific symptom in enough detail.",
52188,@127736 @AppleSupport I’m in the same boat. https://t.co/MlKN9Y8Iuv,device_issue_other,"Sorry you're experiencing this issue. Please restart the device, check for software updates, and share the device model and the exact steps that reproduce the problem so we can narrow it down.",0.619157,0.326304,False,Auto-handle: intent confidence and historical similarity passed the current thresholds.,1,False,,,"The response is broadly reasonable, but the customer message does not provide enough detail to justify a more specific answer.",
23130,"Dear @115858, you’re really rude for ruining the battery life on our phones with that last update.",battery_drain,"Sorry you're dealing with battery drain. Please check Battery settings for apps using the most power, install any pending software updates, and let us know if the issue continues.",0.78,0.229077,False,Auto-handle: intent confidence and historical similarity passed the current thresholds.,1,False,,,"The response is directionally relevant, but it stays fairly generic and does not address the specific symptom in enough detail.",
21178,@115858 please stop making old operating systems extremely slow and buggy when the new phone comes out. I’ll get a new phone eventually but damn it just let me use the one I have now in peace and without freezing every ten seconds,update_performance_or_crash,"Sorry about the performance/crash issue. Please make sure your device is updated, restart it, and check whether the problem continues after the restart.",0.78,0.263528,False,Auto-handle: intent confidence and historical similarity passed the current thresholds.,2,False,,,The response is relevant to the reported issue and gives a practical next step without overcomplicating the case.,
52275,"@AppleSupport Seems to turn on randomly while on a transit bus or lrt even though I tell it not to, as I’m not driving.",device_issue_other,"Sorry you're experiencing this issue. Please restart the device, check for software updates, and share the device model and the exact steps that reproduce the problem so we can narrow it down.",0.61095,0.257918,False,Auto-handle: intent confidence and historical similarity passed the current thresholds.,1,False,,,"The response is broadly reasonable, but the customer message does not provide enough detail to justify a more specific answer.",
12598,@AppleSupport Here is the problem https://t.co/tLi3hxIfJI,device_issue_other,"Sorry you're experiencing this issue. Please restart the device, check for software updates, and share the device model and the exact steps that reproduce the problem so we can narrow it down.",0.625659,0.380493,False,Auto-handle: intent confidence and historical similarity passed the current thresholds.,1,True,,,"The message gives very little context, so the troubleshooting reply is reasonable but necessarily generic.",
26679,WTF @115858 I️ put a text replacement for the letter “I “ and it keeps removing it 😡,app_or_media_behavior,"Sorry you're experiencing this issue. Please restart the device, check for software updates, and share the device model and the exact steps that reproduce the problem so we can narrow it down.",0.608554,0.237949,False,Auto-handle: intent confidence and historical similarity passed the current thresholds.,0,False,,,"The reply addresses a different issue than the customer's message, so the suggested troubleshooting would not be very useful.",
44569,@AppleSupport I’ve just received this text message... is it a scam? https://t.co/iIz6799AeL,account_or_verification,"Sorry you're having trouble with the app or media feature. Please restart the affected app/device and check for available app and software updates. If it continues, tell us the app and the exact behavior you're seeing.",0.78,0.257599,False,Auto-handle: intent confidence and historical similarity passed the current thresholds.,0,False,,,"The reply addresses a different issue than the customer's message, so the suggested troubleshooting would not be very useful.",
40485,@AppleSupport is de update 4.2 niet voor de Apple watch 1?,device_issue_other,"Sorry about the performance/crash issue. Please make sure your device is updated, restart it, and check whether the problem continues after the restart.",0.78,0.289912,False,Auto-handle: intent confidence and historical similarity passed the current thresholds.,1,False,,,"The response is broadly reasonable, but the customer message does not provide enough detail to justify a more specific answer.",
11630,@115858 I just wanted to let you know that the new update is crap and it wastes my battery more than ever before.,battery_drain,"Sorry you're dealing with battery drain. Please check Battery settings for apps using the most power, install any pending software updates, and let us know if the issue continues.",0.78,0.278873,False,Auto-handle: intent confidence and historical similarity passed the current thresholds.,1,False,,,"The response is directionally relevant, but it stays fairly generic and does not address the specific symptom in enough detail.",
39668,"PT1. @AppleSupport I pre-approved my iPhone X then ordered it at 301 am, your database is shipping the phone to a fake address due to a typo",account_or_verification,"Sorry you're having trouble with the app or media feature. Please restart the affected app/device and check for available app and software updates. If it continues, tell us the app and the exact behavior you're seeing.",0.78,0.307963,False,Auto-handle: intent confidence and historical similarity passed the current thresholds.,0,False,,,"The reply addresses a different issue than the customer's message, so the suggested troubleshooting would not be very useful.",
36664,Okay I️ thought it was just my phone @AppleSupport fix this shit with the letter EYE 😭 https://t.co/tkqnKp6VNl,app_or_media_behavior,"Sorry you're experiencing this issue. Please restart the device, check for software updates, and share the device model and the exact steps that reproduce the problem so we can narrow it down.",0.635142,0.459514,False,Auto-handle: intent confidence and historical similarity passed the current thresholds.,0,False,,,"The reply addresses a different issue than the customer's message, so the suggested troubleshooting would not be very useful.",
31432,Hey @AppleSupport my keyboard is going haywire when I️ type I️ #help https://t.co/v7Tfc47sgK,app_or_media_behavior,"Sorry you're having trouble with the app or media feature. Please restart the affected app/device and check for available app and software updates. If it continues, tell us the app and the exact behavior you're seeing.",0.685889,0.352964,False,Auto-handle: intent confidence and historical similarity passed the current thresholds.,1,False,,,"The response is directionally relevant, but it stays fairly generic and does not address the specific symptom in enough detail.",
31945,"Yo @AppleSupport  what’s up with this glitch every time I️ try to type the letter “I️” 

I",app_or_media_behavior,"Sorry you're experiencing this issue. Please restart the device, check for software updates, and share the device model and the exact steps that reproduce the problem so we can narrow it down.",0.639028,0.491898,False,Auto-handle: intent confidence and historical similarity passed the current thresholds.,0,False,,,"The reply addresses a different issue than the customer's message, so the suggested troubleshooting would not be very useful.",
50838,@AppleSupport It was happening with all contacts. After two restarts and adjustmenten of time (again) it seems to be working flawless. Thank u 4 your time,device_issue_other,"Sorry about the performance/crash issue. Please make sure your device is updated, restart it, and check whether the problem continues after the restart.",0.731791,0.50597,False,Auto-handle: intent confidence and historical similarity passed the current thresholds.,0,False,,,"The reply addresses a different issue than the customer's message, so the suggested troubleshooting would not be very useful.",
61306,"@AppleSupport I’m doing the images on my laptop and transferring them to my phone, this was never an issue before, only started happening today",app_or_media_behavior,"Sorry you're having trouble with the app or media feature. Please restart the affected app/device and check for available app and software updates. If it continues, tell us the app and the exact behavior you're seeing.",0.78,0.255634,False,Auto-handle: intent confidence and historical similarity passed the current thresholds.,1,False,,,"The response is directionally relevant, but it stays fairly generic and does not address the specific symptom in enough detail.",
52304,@AppleSupport I’ve forwarded it to the phishing email account that you guys have.,account_or_verification,"Sorry you're having trouble with your account. Please confirm that you're using the correct account credentials and follow the official verification or password-reset flow. If you remain locked out, we can help escalate the case.",0.78,0.274093,False,Auto-handle: intent confidence and historical similarity passed the current thresholds.,1,False,,,"The response is directionally relevant, but it stays fairly generic and does not address the specific symptom in enough detail.",
34630,@AppleSupport Will do thanks 👍,device_issue_other,"Sorry you're experiencing this issue. Please restart the device, check for software updates, and share the device model and the exact steps that reproduce the problem so we can narrow it down.",0.7,1.0,False,Auto-handle: intent confidence and historical similarity passed the current thresholds.,1,True,,,"The message gives very little context, so the troubleshooting reply is reasonable but necessarily generic.",
55121,@AppleSupport @applesupport can your team figure out the I️ issue. Or will l continue to have to use lower case l’s for them for a while? Let’s start here,app_or_media_behavior,"Sorry you're experiencing this issue. Please restart the device, check for software updates, and share the device model and the exact steps that reproduce the problem so we can narrow it down.",0.613588,0.279897,False,Auto-handle: intent confidence and historical similarity passed the current thresholds.,0,False,,,"The reply addresses a different issue than the customer's message, so the suggested troubleshooting would not be very useful.",
32412,"@AppleSupport pls let folks downgrade to ios 10.3.3, been an apple fanboy but iOS 11 is the worst i cant put up with this glitchy OS anymore",update_performance_or_crash,"Sorry about the performance/crash issue. Please make sure your device is updated, restart it, and check whether the problem continues after the restart.",0.695884,0.386281,False,Auto-handle: intent confidence and historical similarity passed the current thresholds.,1,False,,,"The response is directionally relevant, but it stays fairly generic and does not address the specific symptom in enough detail.",
32416,@AppleSupport iOS 11 is so slow on my iPhone 5S. For example the camera app takes 5-10 seconds before it can take a photo. What gives?🤦‍♂️,update_performance_or_crash,"Sorry you're having trouble with the app or media feature. Please restart the affected app/device and check for available app and software updates. If it continues, tell us the app and the exact behavior you're seeing.",0.682485,0.341617,False,Auto-handle: intent confidence and historical similarity passed the current thresholds.,0,False,,,"The reply addresses a different issue than the customer's message, so the suggested troubleshooting would not be very useful.",
5825,"@AppleSupport excuse me, can someone explain to me why when I type an “I️” alone I️ get an A and a question mark???????",app_or_media_behavior,"Sorry about the performance/crash issue. Please make sure your device is updated, restart it, and check whether the problem continues after the restart.",0.717167,0.334762,False,Auto-handle: intent confidence and historical similarity passed the current thresholds.,0,False,,,"The reply addresses a different issue than the customer's message, so the suggested troubleshooting would not be very useful.",
42596,"@AppleSupport Thank you, iOS 11.1",device_issue_other,"Sorry about the performance/crash issue. Please make sure your device is updated, restart it, and check whether the problem continues after the restart.",0.78,0.795751,False,Auto-handle: intent confidence and historical similarity passed the current thresholds.,1,False,,,"The response is broadly reasonable, but the customer message does not provide enough detail to justify a more specific answer.",
52314,Aye @115858 that update yesterday didn’t fix the battery issue at all. Y’all need to do something ASAP,battery_drain,"Sorry you're dealing with battery drain. Please check Battery settings for apps using the most power, install any pending software updates, and let us know if the issue continues.",0.671496,0.304986,False,Auto-handle: intent confidence and historical similarity passed the current thresholds.,1,False,,,"The response is directionally relevant, but it stays fairly generic and does not address the specific symptom in enough detail.",
41634,@125160 @125161 So I can't  use my phone now. Ffs!! Completely frozen and won't let me reboot! Fuckin update ISO 11.1 @115858,update_performance_or_crash,"Sorry about the performance/crash issue. Please make sure your device is updated, restart it, and check whether the problem continues after the restart.",0.78,0.193418,False,Auto-handle: intent confidence and historical similarity passed the current thresholds.,2,False,,,The response is relevant to the reported issue and gives a practical next step without overcomplicating the case.,
38873,@AppleSupport Can we speak via email? __email__,device_issue_other,"Sorry you're experiencing this issue. Please restart the device, check for software updates, and share the device model and the exact steps that reproduce the problem so we can narrow it down.",0.621991,0.349926,False,Auto-handle: intent confidence and historical similarity passed the current thresholds.,1,False,,,"The response is broadly reasonable, but the customer message does not provide enough detail to justify a more specific answer.",
58176,@AppleSupport I couldn’t access App Store neither iPhone nor Mac. But everything restored few mins ago. Thank you.,app_or_media_behavior,"Sorry you're having trouble with the app or media feature. Please restart the affected app/device and check for available app and software updates. If it continues, tell us the app and the exact behavior you're seeing.",0.78,0.288238,False,Auto-handle: intent confidence and historical similarity passed the current thresholds.,1,False,,,"The response is directionally relevant, but it stays fairly generic and does not address the specific symptom in enough detail.",
51696,@AppleSupport  I️ swear y’all need to fix(i ) this like right fucking now I️ can’t even message my manager on group me without looking dumb,app_or_media_behavior,"Sorry you're having trouble with the app or media feature. Please restart the affected app/device and check for available app and software updates. If it continues, tell us the app and the exact behavior you're seeing.",0.78,0.331614,False,Auto-handle: intent confidence and historical similarity passed the current thresholds.,1,False,,,"The response is directionally relevant, but it stays fairly generic and does not address the specific symptom in enough detail.",
61081,@116333 I paid $849.00 for an iPhone 6s Plus and I can't even get phone reception.  I hate your company.  Rip offs.,device_issue_other,"Sorry you're having trouble with your account. Please confirm that you're using the correct account credentials and follow the official verification or password-reset flow. If you remain locked out, we can help escalate the case.",0.78,0.294425,False,Auto-handle: intent confidence and historical similarity passed the current thresholds.,0,False,,,"The reply addresses a different issue than the customer's message, so the suggested troubleshooting would not be very useful.",
38258,"@AppleSupport the charging screening is now showing, now what?",device_issue_other,"Sorry you're dealing with battery drain. Please check Battery settings for apps using the most power, install any pending software updates, and let us know if the issue continues.",0.684973,0.349909,False,Auto-handle: intent confidence and historical similarity passed the current thresholds.,0,False,,,"The reply addresses a different issue than the customer's message, so the suggested troubleshooting would not be very useful.",
44559,@AppleSupport why music app is forcing me to subscribe Apple Music https://t.co/QnxUNmWSon,app_or_media_behavior,"Sorry you're having trouble with the app or media feature. Please restart the affected app/device and check for available app and software updates. If it continues, tell us the app and the exact behavior you're seeing.",0.726837,0.489456,False,Auto-handle: intent confidence and historical similarity passed the current thresholds.,2,False,,,The response is relevant to the reported issue and gives a practical next step without overcomplicating the case.,
52959,"@AppleSupport With the new update, turning on wi-fi disables data and we have to manually go through settings and turn it back on !  :( Help",device_issue_other,"Sorry about the performance/crash issue. Please make sure your device is updated, restart it, and check whether the problem continues after the restart.",0.78,0.50618,False,Auto-handle: intent confidence and historical similarity passed the current thresholds.,1,False,,,"The response is broadly reasonable, but the customer message does not provide enough detail to justify a more specific answer.",
39633,@AppleSupport why is this my screen when I try to make a call. why this happen after the 10th update I’m confused. 💁🏾 https://t.co/jkA8umq3xi,device_issue_other,"Sorry you're having trouble with the app or media feature. Please restart the affected app/device and check for available app and software updates. If it continues, tell us the app and the exact behavior you're seeing.",0.78,0.249247,False,Auto-handle: intent confidence and historical similarity passed the current thresholds.,0,False,,,"The reply addresses a different issue than the customer's message, so the suggested troubleshooting would not be very useful.",
34586,@applesupport The latest version of iTunes for Windows keeps asking for my password and sometimes gets stuck in a loop.,app_or_media_behavior,"Sorry you're having trouble with your account. Please confirm that you're using the correct account credentials and follow the official verification or password-reset flow. If you remain locked out, we can help escalate the case.",0.78,0.414727,False,Auto-handle: intent confidence and historical similarity passed the current thresholds.,0,False,,,"The reply addresses a different issue than the customer's message, so the suggested troubleshooting would not be very useful.",
43329,"@AppleSupport No, no error messages. The app ‘freezes’ all the time since the iOS11 update. I don’t get the logic of the listen now tab at all.",update_performance_or_crash,"Sorry about the performance/crash issue. Please make sure your device is updated, restart it, and check whether the problem continues after the restart.",0.684917,0.349723,False,Auto-handle: intent confidence and historical similarity passed the current thresholds.,2,False,,,The response is relevant to the reported issue and gives a practical next step without overcomplicating the case.,
58166,Sick of this I️ problem. Fix it @115858!!,app_or_media_behavior,"Sorry you're experiencing this issue. Please restart the device, check for software updates, and share the device model and the exact steps that reproduce the problem so we can narrow it down.",0.605574,0.213113,False,Auto-handle: intent confidence and historical similarity passed the current thresholds.,0,False,,,"The reply addresses a different issue than the customer's message, so the suggested troubleshooting would not be very useful.",
50023,@AppleSupport Why does the method posted today on changing your Apple ID from a third party address to an iCloud address not work? https://t.co/7UC8DUYmvy,account_or_verification,"Sorry you're having trouble with your account. Please confirm that you're using the correct account credentials and follow the official verification or password-reset flow. If you remain locked out, we can help escalate the case.",0.672001,0.30667,False,Auto-handle: intent confidence and historical similarity passed the current thresholds.,2,False,,,The response is relevant to the reported issue and gives a practical next step without overcomplicating the case.,
39673,@124684 @AppleSupport I can confirm that the battery is still piss poor. Down to 43% and hardly used it today! 😩,battery_drain,"Sorry you're dealing with battery drain. Please check Battery settings for apps using the most power, install any pending software updates, and let us know if the issue continues.",0.78,0.280937,False,Auto-handle: intent confidence and historical similarity passed the current thresholds.,1,False,,,"The response is directionally relevant, but it stays fairly generic and does not address the specific symptom in enough detail.",
61336,@AppleSupport could you please tell me how do I reserve an iPhone X at 6am in the morning online? As I went into 2 branches in Manchester and was told to reserve one from online. Thank you,device_issue_other,"Sorry you're experiencing this issue. Please restart the device, check for software updates, and share the device model and the exact steps that reproduce the problem so we can narrow it down.",0.604769,0.206408,False,Auto-handle: intent confidence and historical similarity passed the current thresholds.,2,False,,,The response is relevant to the reported issue and gives a practical next step without overcomplicating the case.,
32401,Hey @AppleSupport I heard I can change my Apple ID to my @798 email but when I try it says nope. What gives? Spent an hour signing out &amp; in.,account_or_verification,"Sorry you're having trouble with your account. Please confirm that you're using the correct account credentials and follow the official verification or password-reset flow. If you remain locked out, we can help escalate the case.",0.78,0.287843,False,Auto-handle: intent confidence and historical similarity passed the current thresholds.,1,False,,,"The response is directionally relevant, but it stays fairly generic and does not address the specific symptom in enough detail.",
49188,&amp; what the fuck is up with these boxes Apple really smoking mines. If you don’t want me to be a Apple member your doing great sweety @115858,app_or_media_behavior,"Sorry you're having trouble with the app or media feature. Please restart the affected app/device and check for available app and software updates. If it continues, tell us the app and the exact behavior you're seeing.",0.78,0.181394,False,Auto-handle: intent confidence and historical similarity passed the current thresholds.,1,False,,,"The response is directionally relevant, but it stays fairly generic and does not address the specific symptom in enough detail.",
36032,@applesupport Upgraded to #macOS #HighSierra - noticed that my iMessages/SMS are coming in out of order. Appear fine on my iPhone. Thoughts?,app_or_media_behavior,"Sorry you're having trouble with the app or media feature. Please restart the affected app/device and check for available app and software updates. If it continues, tell us the app and the exact behavior you're seeing.",0.78,0.245476,False,Auto-handle: intent confidence and historical similarity passed the current thresholds.,2,False,,,The response is relevant to the reported issue and gives a practical next step without overcomplicating the case.,
54456,"@116333  why can’t i rearrange my apps on my homescreen ? With 5,8 inch screen it don’t makes sense to reach at the top of my phone !",device_issue_other,"Sorry you're having trouble with the app or media feature. Please restart the affected app/device and check for available app and software updates. If it continues, tell us the app and the exact behavior you're seeing.",0.78,0.185405,False,Auto-handle: intent confidence and historical similarity passed the current thresholds.,0,False,,,"The reply addresses a different issue than the customer's message, so the suggested troubleshooting would not be very useful.",
38235,See right here!!! What’s the question mark? I️ didn’t put that there!!! @AppleSupport https://t.co/QswmjxiQZ5,app_or_media_behavior,"Sorry you're having trouble with your account. Please confirm that you're using the correct account credentials and follow the official verification or password-reset flow. If you remain locked out, we can help escalate the case.",0.78,0.4255,False,Auto-handle: intent confidence and historical similarity passed the current thresholds.,0,False,,,"The reply addresses a different issue than the customer's message, so the suggested troubleshooting would not be very useful.",
47998,@AppleSupport @126731 I️ am also having this problem! And I’ve contacted Apple support and neither rep seemed to have a clue how to fix it!,app_or_media_behavior,"Sorry you're having trouble with the app or media feature. Please restart the affected app/device and check for available app and software updates. If it continues, tell us the app and the exact behavior you're seeing.",0.78,0.254676,False,Auto-handle: intent confidence and historical similarity passed the current thresholds.,1,False,,,"The response is directionally relevant, but it stays fairly generic and does not address the specific symptom in enough detail.",
52273,@AppleSupport can you please help me,device_issue_other,"Sorry you're experiencing this issue. Please restart the device, check for software updates, and share the device model and the exact steps that reproduce the problem so we can narrow it down.",0.7,1.0,False,Auto-handle: intent confidence and historical similarity passed the current thresholds.,1,False,,,"The response is broadly reasonable, but the customer message does not provide enough detail to justify a more specific answer.",
50042,Hey @AppleSupport iOS 11 sucks none of my apps can update anymore,update_performance_or_crash,"Sorry about the performance/crash issue. Please make sure your device is updated, restart it, and check whether the problem continues after the restart.",0.703611,0.412038,False,Auto-handle: intent confidence and historical similarity passed the current thresholds.,2,False,,,The response is relevant to the reported issue and gives a practical next step without overcomplicating the case.,
35243,@AppleSupport @123678 @AppleSupport oh dear @123678 still not co-oping with iCloud in ios11.1 really really poor show. #garageband,app_or_media_behavior,"Sorry about the performance/crash issue. Please make sure your device is updated, restart it, and check whether the problem continues after the restart.",0.863959,0.94653,False,Auto-handle: intent confidence and historical similarity passed the current thresholds.,0,False,,,"The reply addresses a different issue than the customer's message, so the suggested troubleshooting would not be very useful.",
5849,I updated to iOS 11 and my iPhone 6 stopped connecting to wi-fi. Already restored the phone and the network connections @AppleSupport,device_issue_other,"Sorry about the performance/crash issue. Please make sure your device is updated, restart it, and check whether the problem continues after the restart.",0.687394,0.357981,False,Auto-handle: intent confidence and historical similarity passed the current thresholds.,2,False,,,The response is relevant to the reported issue and gives a practical next step without overcomplicating the case.,
35287,@AppleSupport Phone was 😴 Apple Watch ⌚️ 👌. I was wearing during workout this a.m.  usually get all Twitter notifications,app_or_media_behavior,"Sorry you're having trouble with the app or media feature. Please restart the affected app/device and check for available app and software updates. If it continues, tell us the app and the exact behavior you're seeing.",0.78,0.321158,False,Auto-handle: intent confidence and historical similarity passed the current thresholds.,2,False,,,The response is relevant to the reported issue and gives a practical next step without overcomplicating the case.,
31940,HEY @115858 WHY IS MY BLUETOOTH CONSTANTLY TURNING ITSELF ON BY ITSELF I WANT ANSWERS,device_issue_other,"Sorry you're experiencing this issue. Please restart the device, check for software updates, and share the device model and the exact steps that reproduce the problem so we can narrow it down.",0.605864,0.21553,False,Auto-handle: intent confidence and historical similarity passed the current thresholds.,1,False,,,"The response is directionally relevant, but it stays fairly generic and does not address the specific symptom in enough detail.",
44608,@AppleSupport And i cant fix it i had to turn off auto correct and check spelling,app_or_media_behavior,"Sorry you're experiencing this issue. Please restart the device, check for software updates, and share the device model and the exact steps that reproduce the problem so we can narrow it down.",0.621801,0.348338,False,Auto-handle: intent confidence and historical similarity passed the current thresholds.,0,False,,,"The reply addresses a different issue than the customer's message, so the suggested troubleshooting would not be very useful.",
57486,@AppleSupport how come my iPhone still says preparing for shipment even though it’s already been shipped?,device_issue_other,"Sorry you're experiencing this issue. Please restart the device, check for software updates, and share the device model and the exact steps that reproduce the problem so we can narrow it down.",0.676901,0.807506,False,Auto-handle: intent confidence and historical similarity passed the current thresholds.,2,False,,,The response is relevant to the reported issue and gives a practical next step without overcomplicating the case.,
8561,@AppleSupport  hey what’s going on with the letter I . When i start to. Type this happens below https://t.co/jbNZfUwkzL,app_or_media_behavior,"Sorry you're having trouble with the app or media feature. Please restart the affected app/device and check for available app and software updates. If it continues, tell us the app and the exact behavior you're seeing.",0.672279,0.307597,False,Auto-handle: intent confidence and historical similarity passed the current thresholds.,1,False,,,"The response is directionally relevant, but it stays fairly generic and does not address the specific symptom in enough detail.",
57500,"@AppleSupport 7 Plus, iOS 11",device_issue_other,"Sorry about the performance/crash issue. Please make sure your device is updated, restart it, and check whether the problem continues after the restart.",0.88,1.0,False,Auto-handle: intent confidence and historical similarity passed the current thresholds.,1,True,,,"The message gives very little context, so the troubleshooting reply is reasonable but necessarily generic.",
5837,@AppleSupport Yes. Sorry. I️ just watched a video about 11.2 beta. 11.1 When I️ type the letter Eye I️ happens https://t.co/bUBElgADue,app_or_media_behavior,"Sorry you're having trouble with the app or media feature. Please restart the affected app/device and check for available app and software updates. If it continues, tell us the app and the exact behavior you're seeing.",0.78,0.366349,False,Auto-handle: intent confidence and historical similarity passed the current thresholds.,2,False,,,The response is relevant to the reported issue and gives a practical next step without overcomplicating the case.,
745,@AppleSupport I need the software update urgently. The battery lasts literally half a day 🙍🏼🙁@AppleSupport,battery_drain,"Sorry you're dealing with battery drain. Please check Battery settings for apps using the most power, install any pending software updates, and let us know if the issue continues.",0.78,0.288423,False,Auto-handle: intent confidence and historical similarity passed the current thresholds.,1,False,,,"The response is directionally relevant, but it stays fairly generic and does not address the specific symptom in enough detail.",
15308,Yo @AppleSupport why is this happening to everyone I️ know?? Pls fix this issue. Anyone else? 🙄🙄🙄 https://t.co/XSuGhCN8c8,app_or_media_behavior,"Sorry you're having trouble with the app or media feature. Please restart the affected app/device and check for available app and software updates. If it continues, tell us the app and the exact behavior you're seeing.",0.78,0.431632,False,Auto-handle: intent confidence and historical similarity passed the current thresholds.,1,False,,,"The response is directionally relevant, but it stays fairly generic and does not address the specific symptom in enough detail.",
50070,@AppleSupport 😰,device_issue_other,"Sorry you're experiencing this issue. Please restart the device, check for software updates, and share the device model and the exact steps that reproduce the problem so we can narrow it down.",0.7,1.0,False,Auto-handle: intent confidence and historical similarity passed the current thresholds.,1,True,,,"The message gives very little context, so the troubleshooting reply is reasonable but necessarily generic.",
34703,@115858 My Q was: How was the delivery date in the cart 2 wks earlier than what’s on my receipt? #ServiceRecovery #SupplyChain #1standlastpreorder,device_issue_other,"Sorry you're experiencing this issue. Please restart the device, check for software updates, and share the device model and the exact steps that reproduce the problem so we can narrow it down.",0.609516,0.245967,False,Auto-handle: intent confidence and historical similarity passed the current thresholds.,2,False,,,The response is relevant to the reported issue and gives a practical next step without overcomplicating the case.,
34581,"@AppleSupport Basically for a chat to be opened from call log, the message app should be opened/running in background. Otherwise, it takes twice.",app_or_media_behavior,"Sorry you're having trouble with the app or media feature. Please restart the affected app/device and check for available app and software updates. If it continues, tell us the app and the exact behavior you're seeing.",0.78,0.199271,False,Auto-handle: intent confidence and historical similarity passed the current thresholds.,2,False,,,The response is relevant to the reported issue and gives a practical next step without overcomplicating the case.,
23107,"@AppleSupport All website. I can record with audio. The recording are playing well in Photos and the sound is ok. But when I import them in iMovie, the sound doesn’t follow. Only if I was in Safari when I made the screen recording",app_or_media_behavior,"Sorry you're having trouble with the app or media feature. Please restart the affected app/device and check for available app and software updates. If it continues, tell us the app and the exact behavior you're seeing.",0.78,0.263999,False,Auto-handle: intent confidence and historical similarity passed the current thresholds.,2,False,,,The response is relevant to the reported issue and gives a practical next step without overcomplicating the case.,
31918,@115858 the latest update is very glitchy! Did you do away with the double tap home button to bring the screen down for the PLUS? #notworking,device_issue_other,"Sorry about the performance/crash issue. Please make sure your device is updated, restart it, and check whether the problem continues after the restart.",0.78,0.252551,False,Auto-handle: intent confidence and historical similarity passed the current thresholds.,1,False,,,"The response is directionally relevant, but it stays fairly generic and does not address the specific symptom in enough detail.",
58847,"@AppleSupport 4G. In fact, my internet connection was used to create this tweet at the time so I have to assume the network was not the cause.",device_issue_other,"Sorry you're experiencing this issue. Please restart the device, check for software updates, and share the device model and the exact steps that reproduce the problem so we can narrow it down.",0.607578,0.229815,False,Auto-handle: intent confidence and historical similarity passed the current thresholds.,1,False,,,"The response is broadly reasonable, but the customer message does not provide enough detail to justify a more specific answer.",
58835,@AppleSupport ANSWER MEEEEE IM FED UP LOL,device_issue_other,"Sorry you're experiencing this issue. Please restart the device, check for software updates, and share the device model and the exact steps that reproduce the problem so we can narrow it down.",0.604639,0.205323,False,Auto-handle: intent confidence and historical similarity passed the current thresholds.,1,False,,,"The response is broadly reasonable, but the customer message does not provide enough detail to justify a more specific answer.",
4915,"Don’t complain a lot about @115858 but when battery iphone goes down 50% after using your phone for 30 minutes .....
Problems since update 11",battery_drain,"Sorry you're dealing with battery drain. Please check Battery settings for apps using the most power, install any pending software updates, and let us know if the issue continues.",0.78,0.190741,False,Auto-handle: intent confidence and historical similarity passed the current thresholds.,1,False,,,"The response is directionally relevant, but it stays fairly generic and does not address the specific symptom in enough detail.",
41647,@AppleSupport please tell me my iphone is freezing every 10 minutes since the new update I’m having to restart it constantly 😡😡😡,update_performance_or_crash,"Sorry about the performance/crash issue. Please make sure your device is updated, restart it, and check whether the problem continues after the restart.",0.78,0.282659,False,Auto-handle: intent confidence and historical similarity passed the current thresholds.,2,False,,,The response is relevant to the reported issue and gives a practical next step without overcomplicating the case.,
1763,"@AppleSupport Thanks, thing is I still have like 81 cents in credit and won't let me do that until I have zero credit",account_or_verification,"Sorry you're experiencing this issue. Please restart the device, check for software updates, and share the device model and the exact steps that reproduce the problem so we can narrow it down.",0.615978,0.299819,False,Auto-handle: intent confidence and historical similarity passed the current thresholds.,0,False,,,"The reply addresses a different issue than the customer's message, so the suggested troubleshooting would not be very useful.",
53586,What is wrong with my I️ @AppleSupport and my “it” turns into I.T ......what are y’all doing with these phones?,app_or_media_behavior,"Sorry you're experiencing this issue. Please restart the device, check for software updates, and share the device model and the exact steps that reproduce the problem so we can narrow it down.",0.607641,0.230341,False,Auto-handle: intent confidence and historical similarity passed the current thresholds.,0,False,,,"The reply addresses a different issue than the customer's message, so the suggested troubleshooting would not be very useful.",
15311,@115858 I’m going to need you guys to fix my iMessage and FaceTime..it’s not activating...spent an hour on the phone with support,app_or_media_behavior,"Sorry you're having trouble with the app or media feature. Please restart the affected app/device and check for available app and software updates. If it continues, tell us the app and the exact behavior you're seeing.",0.78,0.206291,False,Auto-handle: intent confidence and historical similarity passed the current thresholds.,2,False,,,The response is relevant to the reported issue and gives a practical next step without overcomplicating the case.,
50074,@AppleSupport What did i wrong? Any version of ios 11 drains my battery. I have to charge It twice a day. Apple please....,battery_drain,"Sorry you're dealing with battery drain. Please check Battery settings for apps using the most power, install any pending software updates, and let us know if the issue continues.",0.6769,0.323,False,Auto-handle: intent confidence and historical similarity passed the current thresholds.,2,False,,,The response is relevant to the reported issue and gives a practical next step without overcomplicating the case.,
36117,@AppleSupport @116333 @123857  Should I be concerned yet? My iPhone X left China and went to Hong Kong and hasn’t left yet I live in LA,device_issue_other,"Sorry you're experiencing this issue. Please restart the device, check for software updates, and share the device model and the exact steps that reproduce the problem so we can narrow it down.",0.600811,0.173423,True,Escalated because no sufficiently similar historical example was retrieved.,2,False,,,The response is relevant to the reported issue and gives a practical next step without overcomplicating the case.,
31436,"@115858 trying to cancel an online order, each time I login i'm told I don't have access to the order.",account_or_verification,"Sorry you're having trouble with your account. Please confirm that you're using the correct account credentials and follow the official verification or password-reset flow. If you remain locked out, we can help escalate the case.",0.78,0.194099,False,Auto-handle: intent confidence and historical similarity passed the current thresholds.,1,False,,,"The response is directionally relevant, but it stays fairly generic and does not address the specific symptom in enough detail.",
41705,@AppleSupport Once I removed two step authentication it all went back to normal - thanks for responding,account_or_verification,"Sorry you're experiencing this issue. Please restart the device, check for software updates, and share the device model and the exact steps that reproduce the problem so we can narrow it down.",0.610141,0.251175,False,Auto-handle: intent confidence and historical similarity passed the current thresholds.,0,False,,,"The reply addresses a different issue than the customer's message, so the suggested troubleshooting would not be very useful.",
32383,Hey @AppleSupport this is what happened after 10.13.1 please advise.!! https://t.co/ak14ZArtkf,update_performance_or_crash,"Sorry you're having trouble with the app or media feature. Please restart the affected app/device and check for available app and software updates. If it continues, tell us the app and the exact behavior you're seeing.",0.705851,0.419503,False,Auto-handle: intent confidence and historical similarity passed the current thresholds.,0,False,,,"The reply addresses a different issue than the customer's message, so the suggested troubleshooting would not be very useful.",
61323,@AppleSupport I accidentally bought something is there anyway I can get a refund,account_or_verification,"Sorry you're having trouble with your account. Please confirm that you're using the correct account credentials and follow the official verification or password-reset flow. If you remain locked out, we can help escalate the case.",0.674714,0.315715,True,Escalated because the message contains a high-risk/support-sensitive term: refund,1,True,,,"The response is directionally relevant, but it stays fairly generic and does not address the specific symptom in enough detail.",
50808,@AppleSupport iOS 11.0.3. No error msg just sits their blank,update_performance_or_crash,"Sorry about the performance/crash issue. Please make sure your device is updated, restart it, and check whether the problem continues after the restart.",0.737293,0.52431,False,Auto-handle: intent confidence and historical similarity passed the current thresholds.,1,False,,,"The response is directionally relevant, but it stays fairly generic and does not address the specific symptom in enough detail.",
52258,@AppleSupport There’s an update available for 11.1 but friends that already updated are experiencing the same issue.,update_performance_or_crash,"Sorry about the performance/crash issue. Please make sure your device is updated, restart it, and check whether the problem continues after the restart.",0.709989,0.433296,False,Auto-handle: intent confidence and historical similarity passed the current thresholds.,1,False,,,"The response is directionally relevant, but it stays fairly generic and does not address the specific symptom in enough detail.",
38207,@AppleSupport Hi there! I got an issue with iMessage and Facetime... using the latest iOS on an iphone 6.,app_or_media_behavior,"Sorry about the performance/crash issue. Please make sure your device is updated, restart it, and check whether the problem continues after the restart.",0.78,0.245068,False,Auto-handle: intent confidence and historical similarity passed the current thresholds.,0,False,,,"The reply addresses a different issue than the customer's message, so the suggested troubleshooting would not be very useful.",
31408,@AppleSupport the I️ keeps autocorrecting to a strange symbol,app_or_media_behavior,"Sorry about the performance/crash issue. Please make sure your device is updated, restart it, and check whether the problem continues after the restart.",0.724971,0.357061,False,Auto-handle: intent confidence and historical similarity passed the current thresholds.,0,False,,,"The reply addresses a different issue than the customer's message, so the suggested troubleshooting would not be very useful.",
25266,@AppleSupport Latest,device_issue_other,"Sorry you're experiencing this issue. Please restart the device, check for software updates, and share the device model and the exact steps that reproduce the problem so we can narrow it down.",0.662946,0.691218,False,Auto-handle: intent confidence and historical similarity passed the current thresholds.,1,True,,,"The message gives very little context, so the troubleshooting reply is reasonable but necessarily generic.",
35211,"@AppleSupport why is the new update savaging my battery please, 100% to 1% in the space of an hour, get ya shit together",battery_drain,"Sorry you're dealing with battery drain. Please check Battery settings for apps using the most power, install any pending software updates, and let us know if the issue continues.",0.688063,0.36021,False,Auto-handle: intent confidence and historical similarity passed the current thresholds.,1,False,,,"The response is directionally relevant, but it stays fairly generic and does not address the specific symptom in enough detail.",
36636,"@AppleSupport Freezing basically all of the time. Apps are messing up, if i turn on airplane mode and then turn it off i can’t get service without restart",update_performance_or_crash,"Sorry you're having trouble with the app or media feature. Please restart the affected app/device and check for available app and software updates. If it continues, tell us the app and the exact behavior you're seeing.",0.78,0.25856,False,Auto-handle: intent confidence and historical similarity passed the current thresholds.,0,False,,,"The reply addresses a different issue than the customer's message, so the suggested troubleshooting would not be very useful.",
5841,@AppleSupport Tried I️t and I️t still doesn’t work,app_or_media_behavior,"Sorry you're having trouble with your account. Please confirm that you're using the correct account credentials and follow the official verification or password-reset flow. If you remain locked out, we can help escalate the case.",0.768168,0.48048,False,Auto-handle: intent confidence and historical similarity passed the current thresholds.,0,False,,,"The reply addresses a different issue than the customer's message, so the suggested troubleshooting would not be very useful.",
31937,@AppleSupport @AppleSupport whenever I type the letter “i” it auto corrects to a “a ?” What is going on!????,app_or_media_behavior,"Sorry you're experiencing this issue. Please restart the device, check for software updates, and share the device model and the exact steps that reproduce the problem so we can narrow it down.",0.630256,0.418796,False,Auto-handle: intent confidence and historical similarity passed the current thresholds.,0,False,,,"The reply addresses a different issue than the customer's message, so the suggested troubleshooting would not be very useful.",
23115,@AppleSupport Thanks! But it used to be so nice when I could limit the number of episodes downloaded but still have some pre-downloaded for flights n things. Is the setting coming back?,app_or_media_behavior,"Sorry you're having trouble with the app or media feature. Please restart the affected app/device and check for available app and software updates. If it continues, tell us the app and the exact behavior you're seeing.",0.78,0.256021,False,Auto-handle: intent confidence and historical similarity passed the current thresholds.,1,False,,,"The response is directionally relevant, but it stays fairly generic and does not address the specific symptom in enough detail.",
61060,@115858 where tf is the update that fixes the glitches from the last update because I’m tired of not being able to use the letter “I️”,app_or_media_behavior,"Sorry about the performance/crash issue. Please make sure your device is updated, restart it, and check whether the problem continues after the restart.",0.78,0.222841,False,Auto-handle: intent confidence and historical similarity passed the current thresholds.,0,False,,,"The reply addresses a different issue than the customer's message, so the suggested troubleshooting would not be very useful.",
2631,"@AppleSupport iPhone 7+, iOS 11.1",device_issue_other,"Sorry about the performance/crash issue. Please make sure your device is updated, restart it, and check whether the problem continues after the restart.",0.88,1.0,False,Auto-handle: intent confidence and historical similarity passed the current thresholds.,2,False,,,The response is relevant to the reported issue and gives a practical next step without overcomplicating the case.,
52986,@AppleSupport excuse me https://t.co/Ci41SFmxWy,device_issue_other,"Sorry you're having trouble with the app or media feature. Please restart the affected app/device and check for available app and software updates. If it continues, tell us the app and the exact behavior you're seeing.",0.735427,0.386935,False,Auto-handle: intent confidence and historical similarity passed the current thresholds.,1,True,,,"The message gives very little context, so the troubleshooting reply is reasonable but necessarily generic.",
4875,Come on @AppleSupport #ios11.1  Same bug as before. Numbers disappear when entering info. Video below. #iosproblems https://t.co/eKirAn2Mam,app_or_media_behavior,"Sorry about the performance/crash issue. Please make sure your device is updated, restart it, and check whether the problem continues after the restart.",0.78,0.19243,False,Auto-handle: intent confidence and historical similarity passed the current thresholds.,0,False,,,"The reply addresses a different issue than the customer's message, so the suggested troubleshooting would not be very useful.",
31441,@AppleSupport can you tell me why my Apple tv4 with screen saver set to never update will suddenly have new a “video” in the aerial views?,app_or_media_behavior,"Sorry you're having trouble with the app or media feature. Please restart the affected app/device and check for available app and software updates. If it continues, tell us the app and the exact behavior you're seeing.",0.78,0.2882,False,Auto-handle: intent confidence and historical similarity passed the current thresholds.,2,False,,,The response is relevant to the reported issue and gives a practical next step without overcomplicating the case.,
50040,@115858 fix this I️ !!!!,app_or_media_behavior,"Sorry you're experiencing this issue. Please restart the device, check for software updates, and share the device model and the exact steps that reproduce the problem so we can narrow it down.",0.631908,0.432571,False,Auto-handle: intent confidence and historical similarity passed the current thresholds.,1,True,,,"The message gives very little context, so the troubleshooting reply is reasonable but necessarily generic.",
29558,@AppleSupport your new iOS slowdown my phone and delayed everything. @116333 you should know by now that some folks works with their phone and you can messe up people work. Test the damn thing before lunch it. Or come up with a big warning “it slow down 6.7,update_performance_or_crash,"Sorry about the performance/crash issue. Please make sure your device is updated, restart it, and check whether the problem continues after the restart.",0.78,0.167768,True,Escalated because no sufficiently similar historical example was retrieved.,2,False,,,The response is relevant to the reported issue and gives a practical next step without overcomplicating the case.,
56951,@115858 can you tell me when when I type the letter “I” some damn symbols pop up like I’m out here coding and doing a MySpace edit 🤨,app_or_media_behavior,"Sorry you're experiencing this issue. Please restart the device, check for software updates, and share the device model and the exact steps that reproduce the problem so we can narrow it down.",0.613486,0.279049,False,Auto-handle: intent confidence and historical similarity passed the current thresholds.,0,False,,,"The reply addresses a different issue than the customer's message, so the suggested troubleshooting would not be very useful.",
31426,@AppleSupport iOS11 I’ve tried resetting the keyboard it didn’t work.,app_or_media_behavior,"Sorry about the performance/crash issue. Please make sure your device is updated, restart it, and check whether the problem continues after the restart.",0.688327,0.361091,False,Auto-handle: intent confidence and historical similarity passed the current thresholds.,0,False,,,"The reply addresses a different issue than the customer's message, so the suggested troubleshooting would not be very useful.",
51681,All of my pictures magically got deleted somehow. @AppleSupport??? What the shit? I go from 3K to 600 fuck is up?,device_issue_other,"Sorry you're experiencing this issue. Please restart the device, check for software updates, and share the device model and the exact steps that reproduce the problem so we can narrow it down.",0.6223,0.352496,False,Auto-handle: intent confidence and historical similarity passed the current thresholds.,1,False,,,"The response is broadly reasonable, but the customer message does not provide enough detail to justify a more specific answer.",
41685,"@AppleSupport iPhone is getting stuck and slow . Seriously, it was fine up until a week ago. Any tips? Thanks for responding. It’s not that old 😰",update_performance_or_crash,"Sorry about the performance/crash issue. Please make sure your device is updated, restart it, and check whether the problem continues after the restart.",0.78,0.47471,False,Auto-handle: intent confidence and historical similarity passed the current thresholds.,1,False,,,"The response is directionally relevant, but it stays fairly generic and does not address the specific symptom in enough detail.",
39603,@AppleSupport 11.0.3,device_issue_other,"Sorry you're experiencing this issue. Please restart the device, check for software updates, and share the device model and the exact steps that reproduce the problem so we can narrow it down.",0.7,1.0,False,Auto-handle: intent confidence and historical similarity passed the current thresholds.,1,True,,,"The message gives very little context, so the troubleshooting reply is reasonable but necessarily generic.",
32376,"Oye @115858, muy bonitos tus nuevos emojis pero, ¿para cuando el poder desactivar (REAL) el Wifi y el Bluetooth desde el CC?",device_issue_other,"Sorry you're experiencing this issue. Please restart the device, check for software updates, and share the device model and the exact steps that reproduce the problem so we can narrow it down.",0.608819,0.240159,False,Auto-handle: intent confidence and historical similarity passed the current thresholds.,2,False,,,The response is relevant to the reported issue and gives a practical next step without overcomplicating the case.,
37665,"iOs 11 is a mess. My iTunes is a mess. Fix up, @115858.",update_performance_or_crash,"Sorry about the performance/crash issue. Please make sure your device is updated, restart it, and check whether the problem continues after the restart.",0.78,0.211701,False,Auto-handle: intent confidence and historical similarity passed the current thresholds.,1,False,,,"The response is directionally relevant, but it stays fairly generic and does not address the specific symptom in enough detail.",
32428,Amma asking @2084: Can you fix my @115858 thumbprint for me? I think my thumb has changed from washing dishes.,account_or_verification,"Sorry you're experiencing this issue. Please restart the device, check for software updates, and share the device model and the exact steps that reproduce the problem so we can narrow it down.",0.605225,0.210211,False,Auto-handle: intent confidence and historical similarity passed the current thresholds.,0,False,,,"The reply addresses a different issue than the customer's message, so the suggested troubleshooting would not be very useful.",
35344,"Dear @AppleSupport I have an iPhone 7 &amp; iTunes, both genuine. So why do I always get this message when I sync? Hope you can help. Thanks. https://t.co/QgJ14liJDw",device_issue_other,"Sorry you're having trouble with the app or media feature. Please restart the affected app/device and check for available app and software updates. If it continues, tell us the app and the exact behavior you're seeing.",0.78,0.256484,False,Auto-handle: intent confidence and historical similarity passed the current thresholds.,0,False,,,"The reply addresses a different issue than the customer's message, so the suggested troubleshooting would not be very useful.",
17290,"So @115858 randomly deleted over 3,000 photos from my phone. Wow wtf!!",device_issue_other,"Sorry you're having trouble with the app or media feature. Please restart the affected app/device and check for available app and software updates. If it continues, tell us the app and the exact behavior you're seeing.",0.78,0.227571,False,Auto-handle: intent confidence and historical similarity passed the current thresholds.,0,False,,,"The reply addresses a different issue than the customer's message, so the suggested troubleshooting would not be very useful.",
41627,"@AppleSupport Rear camera, (opposite side of the screen) . iPhone 7 Plus",device_issue_other,"Sorry you're having trouble with the app or media feature. Please restart the affected app/device and check for available app and software updates. If it continues, tell us the app and the exact behavior you're seeing.",0.78,0.40032,False,Auto-handle: intent confidence and historical similarity passed the current thresholds.,0,False,,,"The reply addresses a different issue than the customer's message, so the suggested troubleshooting would not be very useful.",
1789,@AppleSupport No I had 11.0.3 but now it says 11.1 update so ima go ahead and do that,device_issue_other,"Sorry about the performance/crash issue. Please make sure your device is updated, restart it, and check whether the problem continues after the restart.",0.78,0.508249,False,Auto-handle: intent confidence and historical similarity passed the current thresholds.,1,False,,,"The response is broadly reasonable, but the customer message does not provide enough detail to justify a more specific answer.",
56953,@AppleSupport iOS 11.1,device_issue_other,"Sorry about the performance/crash issue. Please make sure your device is updated, restart it, and check whether the problem continues after the restart.",0.88,1.0,False,Auto-handle: intent confidence and historical similarity passed the current thresholds.,1,True,,,"The message gives very little context, so the troubleshooting reply is reasonable but necessarily generic.",
58274,"@AppleSupport Hey, I just updated my Late 2012 Mac Mini to High Sierra and now my second monitor doesn't work (only a black screen that will show my cursor) need help fixing this ASAP! Thanks in advance.",device_issue_other,"Sorry about the performance/crash issue. Please make sure your device is updated, restart it, and check whether the problem continues after the restart.",0.78,0.199267,False,Auto-handle: intent confidence and historical similarity passed the current thresholds.,1,False,,,"The response is directionally relevant, but it stays fairly generic and does not address the specific symptom in enough detail.",
1787,@AppleSupport Worked 👌🏽,device_issue_other,"Sorry you're experiencing this issue. Please restart the device, check for software updates, and share the device model and the exact steps that reproduce the problem so we can narrow it down.",0.667201,0.726674,False,Auto-handle: intent confidence and historical similarity passed the current thresholds.,1,True,,,"The message gives very little context, so the troubleshooting reply is reasonable but necessarily generic.",
11141,@115858 got people out here looking crazy with this damn glitch!!! Fix this shit now!!!,app_or_media_behavior,"Sorry you're experiencing this issue. Please restart the device, check for software updates, and share the device model and the exact steps that reproduce the problem so we can narrow it down.",0.623703,0.364194,False,Auto-handle: intent confidence and historical similarity passed the current thresholds.,0,False,,,"The reply addresses a different issue than the customer's message, so the suggested troubleshooting would not be very useful.",
59591,My home button won’t go home but I can still double click to close out apps. HELP @AppleSupport,device_issue_other,"Sorry you're having trouble with the app or media feature. Please restart the affected app/device and check for available app and software updates. If it continues, tell us the app and the exact behavior you're seeing.",0.673967,0.313224,False,Auto-handle: intent confidence and historical similarity passed the current thresholds.,0,False,,,"The reply addresses a different issue than the customer's message, so the suggested troubleshooting would not be very useful.",
41616,@AppleSupport The current one 11.1,device_issue_other,"Sorry you're experiencing this issue. Please restart the device, check for software updates, and share the device model and the exact steps that reproduce the problem so we can narrow it down.",0.613135,0.276125,False,Auto-handle: intent confidence and historical similarity passed the current thresholds.,1,False,,,"The response is broadly reasonable, but the customer message does not provide enough detail to justify a more specific answer.",
35308,"@116333 Hi,can you please update iOS software to 11.2 because I am facing a lots of issues with the latest version iOS 10.1",update_performance_or_crash,"Sorry about the performance/crash issue. Please make sure your device is updated, restart it, and check whether the problem continues after the restart.",0.78,0.345682,False,Auto-handle: intent confidence and historical similarity passed the current thresholds.,2,False,,,The response is relevant to the reported issue and gives a practical next step without overcomplicating the case.,
10679,Depois da ultima atualizado do IOS a bateria do IPhone 6 tá durando quase nada @115858 @AppleSupport,battery_drain,"Sorry about the performance/crash issue. Please make sure your device is updated, restart it, and check whether the problem continues after the restart.",0.78,0.192129,False,Auto-handle: intent confidence and historical similarity passed the current thresholds.,0,False,,,"The reply addresses a different issue than the customer's message, so the suggested troubleshooting would not be very useful.",
38212,"Is anyone else’s phone making these boxes and shit ? 
@AppleSupport help lol https://t.co/1Ztno66URp",app_or_media_behavior,"Sorry you're experiencing this issue. Please restart the device, check for software updates, and share the device model and the exact steps that reproduce the problem so we can narrow it down.",0.621539,0.346155,False,Auto-handle: intent confidence and historical similarity passed the current thresholds.,0,False,,,"The reply addresses a different issue than the customer's message, so the suggested troubleshooting would not be very useful.",
50820,@AppleSupport I have Iphone 7 updated to ios 11.1. After the news IOS released this year battery problem raised.,battery_drain,"Sorry about the performance/crash issue. Please make sure your device is updated, restart it, and check whether the problem continues after the restart.",0.682815,0.342718,False,Auto-handle: intent confidence and historical similarity passed the current thresholds.,0,False,,,"The reply addresses a different issue than the customer's message, so the suggested troubleshooting would not be very useful.",
5823,@115858 creates amazing technology..... but talk to text still messes up 90% of what I will it to type..... #fixyourcrap,app_or_media_behavior,"Sorry you're experiencing this issue. Please restart the device, check for software updates, and share the device model and the exact steps that reproduce the problem so we can narrow it down.",0.596956,0.141304,True,Escalated because no sufficiently similar historical example was retrieved.,0,False,,,"The reply addresses a different issue than the customer's message, so the suggested troubleshooting would not be very useful.",
13588,Why do I need a sim card when I’m joined to the WiFi? I’m only using this phone to test websites. @AppleSupport https://t.co/xdINQXPvEX,device_issue_other,"Sorry you're experiencing this issue. Please restart the device, check for software updates, and share the device model and the exact steps that reproduce the problem so we can narrow it down.",0.607043,0.225358,False,Auto-handle: intent confidence and historical similarity passed the current thresholds.,2,False,,,The response is relevant to the reported issue and gives a practical next step without overcomplicating the case.,
53538,"@AppleSupport Major security breach on iCloud evident - any issues reported? Sign-in and got other people’s information, books, music etc etc",account_or_verification,"Sorry you're having trouble with your account. Please confirm that you're using the correct account credentials and follow the official verification or password-reset flow. If you remain locked out, we can help escalate the case.",0.78,0.220171,True,Escalated because the message contains a high-risk/support-sensitive term: security breach,2,True,,,The response is relevant to the reported issue and gives a practical next step without overcomplicating the case.,
32414,@AppleSupport I keep getting a question mark inside a box?? I️ updated my phone and it’s still doing it. 🤦🏽‍♀️,app_or_media_behavior,"Sorry about the performance/crash issue. Please make sure your device is updated, restart it, and check whether the problem continues after the restart.",0.78,0.39903,False,Auto-handle: intent confidence and historical similarity passed the current thresholds.,0,False,,,"The reply addresses a different issue than the customer's message, so the suggested troubleshooting would not be very useful.",
43378,Why every time I️ type I️ it’s a question mark @AppleSupport,app_or_media_behavior,"Sorry you're experiencing this issue. Please restart the device, check for software updates, and share the device model and the exact steps that reproduce the problem so we can narrow it down.",0.637611,0.480092,False,Auto-handle: intent confidence and historical similarity passed the current thresholds.,0,False,,,"The reply addresses a different issue than the customer's message, so the suggested troubleshooting would not be very useful.",
2676,@AppleSupport HELP ME. I have a problem with my iPhone 7😑,device_issue_other,"Sorry you're experiencing this issue. Please restart the device, check for software updates, and share the device model and the exact steps that reproduce the problem so we can narrow it down.",0.647045,0.558708,False,Auto-handle: intent confidence and historical similarity passed the current thresholds.,2,False,,,The response is relevant to the reported issue and gives a practical next step without overcomplicating the case.,
23178,@AppleSupport upgraded to 11.1.2 and iTunes Player won’t work on iPhone 7. ANNOYING,app_or_media_behavior,"Sorry you're having trouble with the app or media feature. Please restart the affected app/device and check for available app and software updates. If it continues, tell us the app and the exact behavior you're seeing.",0.78,0.29704,False,Auto-handle: intent confidence and historical similarity passed the current thresholds.,2,False,,,The response is relevant to the reported issue and gives a practical next step without overcomplicating the case.,
39644,@AppleSupport hey guys any news on why Apple Pay isnt working. Is this a global issue or just UK?,account_or_verification,"Sorry you're having trouble with the app or media feature. Please restart the affected app/device and check for available app and software updates. If it continues, tell us the app and the exact behavior you're seeing.",0.78,0.251936,False,Auto-handle: intent confidence and historical similarity passed the current thresholds.,0,False,,,"The reply addresses a different issue than the customer's message, so the suggested troubleshooting would not be very useful.",
8435,@AppleSupport I need an actual human to help me,device_issue_other,"Sorry you're experiencing this issue. Please restart the device, check for software updates, and share the device model and the exact steps that reproduce the problem so we can narrow it down.",0.656332,0.636101,False,Auto-handle: intent confidence and historical similarity passed the current thresholds.,1,False,,,"The response is broadly reasonable, but the customer message does not provide enough detail to justify a more specific answer.",
38218,"@AppleSupport @115858 Depende como @AppleSupport responda esto perderán un cliente (+familia) y prescriptor desde hace más de 15 años, usuario de toda la gama",device_issue_other,"Sorry you're experiencing this issue. Please restart the device, check for software updates, and share the device model and the exact steps that reproduce the problem so we can narrow it down.",0.595902,0.132516,True,Escalated because no sufficiently similar historical example was retrieved.,1,False,,,"The response is broadly reasonable, but the customer message does not provide enough detail to justify a more specific answer.",
12569,@115858 what’s up with my “I️” being replaced with some bs in my messages? Makes me want to throw the whole phone away.,app_or_media_behavior,"Sorry you're having trouble with the app or media feature. Please restart the affected app/device and check for available app and software updates. If it continues, tell us the app and the exact behavior you're seeing.",0.78,0.141396,True,Escalated because no sufficiently similar historical example was retrieved.,2,False,,,The response is relevant to the reported issue and gives a practical next step without overcomplicating the case.,
6928,@AppleSupport my iPhone is a fully up to date so why does my phone keep freezing 🙃???,update_performance_or_crash,"Sorry you're having trouble with the app or media feature. Please restart the affected app/device and check for available app and software updates. If it continues, tell us the app and the exact behavior you're seeing.",0.714524,0.327211,False,Auto-handle: intent confidence and historical similarity passed the current thresholds.,0,False,,,"The reply addresses a different issue than the customer's message, so the suggested troubleshooting would not be very useful.",
11131,Is anyone doing bug fixing @115858  anymore? I have a whole zoo of them on my iPhone and iMac that could be tamed!,update_performance_or_crash,"Sorry about the performance/crash issue. Please make sure your device is updated, restart it, and check whether the problem continues after the restart.",0.78,0.24767,False,Auto-handle: intent confidence and historical similarity passed the current thresholds.,1,False,,,"The response is directionally relevant, but it stays fairly generic and does not address the specific symptom in enough detail.",
61295,@AppleSupport iOS 10.,device_issue_other,"Sorry about the performance/crash issue. Please make sure your device is updated, restart it, and check whether the problem continues after the restart.",0.778803,0.662678,False,Auto-handle: intent confidence and historical similarity passed the current thresholds.,1,True,,,"The message gives very little context, so the troubleshooting reply is reasonable but necessarily generic.",
32363,@AppleSupport It’s glitching when I try to erase pictures or go onto new apps,app_or_media_behavior,"Sorry you're having trouble with the app or media feature. Please restart the affected app/device and check for available app and software updates. If it continues, tell us the app and the exact behavior you're seeing.",0.78,0.204978,False,Auto-handle: intent confidence and historical similarity passed the current thresholds.,2,False,,,The response is relevant to the reported issue and gives a practical next step without overcomplicating the case.,
35311,This new @115858 update sucks! I’m not getting any texts in group chats and it’s terribly slow!,update_performance_or_crash,"Sorry about the performance/crash issue. Please make sure your device is updated, restart it, and check whether the problem continues after the restart.",0.78,0.239399,False,Auto-handle: intent confidence and historical similarity passed the current thresholds.,2,False,,,The response is relevant to the reported issue and gives a practical next step without overcomplicating the case.,
35312,@123695 @115858 My screen is all messed up. Won’t let me type right,device_issue_other,"Sorry you're having trouble with the app or media feature. Please restart the affected app/device and check for available app and software updates. If it continues, tell us the app and the exact behavior you're seeing.",0.677543,0.325145,False,Auto-handle: intent confidence and historical similarity passed the current thresholds.,0,False,,,"The reply addresses a different issue than the customer's message, so the suggested troubleshooting would not be very useful.",
32400,@AppleSupport Yes. I read and did that. I get a message that says I cannot change my Apple ID to an email ending in @798. Which is contrary to the document,account_or_verification,"Sorry you're having trouble with the app or media feature. Please restart the affected app/device and check for available app and software updates. If it continues, tell us the app and the exact behavior you're seeing.",0.67691,0.323034,False,Auto-handle: intent confidence and historical similarity passed the current thresholds.,0,False,,,"The reply addresses a different issue than the customer's message, so the suggested troubleshooting would not be very useful.",
56944,I hate the update to the podcast app on iOS11. The interface is really confusing and unorganized @115858 @318,app_or_media_behavior,"Sorry about the performance/crash issue. Please make sure your device is updated, restart it, and check whether the problem continues after the restart.",0.737047,0.523491,False,Auto-handle: intent confidence and historical similarity passed the current thresholds.,0,False,,,"The reply addresses a different issue than the customer's message, so the suggested troubleshooting would not be very useful.",
40452,@AppleSupport All sounds yes when I go to the settings to test it it works but any other that setting no. And I did restarted it and still doesnt work,device_issue_other,"Sorry about the performance/crash issue. Please make sure your device is updated, restart it, and check whether the problem continues after the restart.",0.78,0.280326,False,Auto-handle: intent confidence and historical similarity passed the current thresholds.,0,False,,,"The reply addresses a different issue than the customer's message, so the suggested troubleshooting would not be very useful.",
34643,"Ffs @115858 Ever since I did the update my I phone everyting is moving slow like a man on ketamine 
Sort it out will ya",update_performance_or_crash,"Sorry about the performance/crash issue. Please make sure your device is updated, restart it, and check whether the problem continues after the restart.",0.78,0.194728,False,Auto-handle: intent confidence and historical similarity passed the current thresholds.,2,False,,,The response is relevant to the reported issue and gives a practical next step without overcomplicating the case.,
